away_team,home_team,distance_km
Buffalo Bills,Buffalo Bills,1.0174
Buffalo Bills,Miami Dolphins,2198.503
Buffalo Bills,New England Patriots,741.2231999999999
Buffalo Bills,New York Jets,577.2238000000001
Buffalo Bills,Baltimore Ravens,567.4248
Buffalo Bills,Cincinnati Bengals,687.1116
Buffalo Bills,Cleveland Browns,294.4474
Buffalo Bills,Pittsburgh Steelers,336.6452
Buffalo Bills,Houston Texans,2385.1505
Buffalo Bills,Indianapolis Colts,796.6229000000001
Buffalo Bills,Jacksonville Jaguars,1667.4558
Buffalo Bills,Tennessee Titans,1122.5168999999999
Buffalo Bills,Denver Broncos,2440.313
Buffalo Bills,Kansas City Chiefs,1560.4898999999998
Buffalo Bills,Las Vegas Raiders,3649.0617
Buffalo Bills,Los Angeles Chargers,4090.9064
Buffalo Bills,Dallas Cowboys,2218.3262
Buffalo Bills,New York Giants,577.2238000000001
Buffalo Bills,Philadelphia Eagles,595.6047
Buffalo Bills,Washington Commanders,605.3922
Buffalo Bills,Chicago Bears,847.6068
Buffalo Bills,Detroit Lions,449.92879999999997
Buffalo Bills,Green Bay Packers,1174.8806000000002
Buffalo Bills,Minnesota Vikings,1505.9576000000002
Buffalo Bills,Atlanta Falcons,1407.8746999999998
Buffalo Bills,Carolina Panthers,1048.2989
Buffalo Bills,New Orleans Saints,1977.2067
Buffalo Bills,Tampa Bay Buccaneers,1983.8675
Buffalo Bills,Arizona Cardinals,3606.1094
Buffalo Bills,Los Angeles Rams,4090.9064
Buffalo Bills,San Francisco 49ers,4303.2619
Buffalo Bills,Seattle Seahawks,4142.613
Miami Dolphins,Buffalo Bills,2191.4591
Miami Dolphins,Miami Dolphins,0.0
Miami Dolphins,New England Patriots,2358.1581
Miami Dolphins,New York Jets,2033.1528999999998
Miami Dolphins,Baltimore Ravens,1733.3523
Miami Dolphins,Cincinnati Bengals,1764.5151
Miami Dolphins,Cleveland Browns,1964.9832
Miami Dolphins,Pittsburgh Steelers,1863.1063000000001
Miami Dolphins,Houston Texans,1901.5475
Miami Dolphins,Indianapolis Colts,1852.1275
Miami Dolphins,Jacksonville Jaguars,534.8345
Miami Dolphins,Tennessee Titans,1442.3081000000002
Miami Dolphins,Denver Broncos,3302.5914
Miami Dolphins,Kansas City Chiefs,2321.9847999999997
Miami Dolphins,Las Vegas Raiders,4052.8252
Miami Dolphins,Los Angeles Chargers,4394.8838
Miami Dolphins,Dallas Cowboys,2115.8964
Miami Dolphins,New York Giants,2033.1528999999998
Miami Dolphins,Philadelphia Eagles,1888.5099
Miami Dolphins,Washington Commanders,1693.8891999999998
Miami Dolphins,Chicago Bears,2143.6302
Miami Dolphins,Detroit Lions,2182.8657000000003
Miami Dolphins,Green Bay Packers,2470.9041
Miami Dolphins,Minnesota Vikings,2824.2151
Miami Dolphins,Atlanta Falcons,1044.2808
Miami Dolphins,Carolina Panthers,1146.1107
Miami Dolphins,New Orleans Saints,1368.3219
Miami Dolphins,Tampa Bay Buccaneers,440.2108
Miami Dolphins,Arizona Cardinals,3803.9694
Miami Dolphins,Los Angeles Rams,4394.8838
Miami Dolphins,San Francisco 49ers,4822.628299999999
Miami Dolphins,Seattle Seahawks,5295.9811
New England Patriots,Buffalo Bills,739.0385
New England Patriots,Miami Dolphins,2362.119
New England Patriots,New England Patriots,0.0
New England Patriots,New York Jets,329.30420000000004
New England Patriots,Baltimore Ravens,632.7585
New England Patriots,Cincinnati Bengals,1398.9397
New England Patriots,Cleveland Browns,1027.5081
New England Patriots,Pittsburgh Steelers,920.6433000000001
New England Patriots,Houston Texans,2957.1657
New England Patriots,Indianapolis Colts,1508.451
New England Patriots,Jacksonville Jaguars,1831.0718
New England Patriots,Tennessee Titans,1749.1345
New England Patriots,Denver Broncos,3187.4624
New England Patriots,Kansas City Chiefs,2272.318
New England Patriots,Las Vegas Raiders,4396.2112
New England Patriots,Los Angeles Chargers,4838.0558
New England Patriots,Dallas Cowboys,2847.8915
New England Patriots,New York Giants,329.30420000000004
New England Patriots,Philadelphia Eagles,482.1935
New England Patriots,Washington Commanders,680.929
New England Patriots,Chicago Bears,1594.7562
New England Patriots,Detroit Lions,1155.5828999999999
New England Patriots,Green Bay Packers,1922.03
New England Patriots,Minnesota Vikings,2253.107
New England Patriots,Atlanta Falcons,1712.7575
New England Patriots,Carolina Panthers,1326.2006000000001
New England Patriots,New Orleans Saints,2424.5255
New England Patriots,Tampa Bay Buccaneers,2147.4835
New England Patriots,Arizona Cardinals,4317.9375
New England Patriots,Los Angeles Rams,4838.0558
New England Patriots,San Francisco 49ers,5050.4114
New England Patriots,Seattle Seahawks,4889.7625
New York Jets,Buffalo Bills,547.0273000000001
New York Jets,Miami Dolphins,2043.8724
New York Jets,New England Patriots,371.6481
New York Jets,New York Jets,49.135400000000004
New York Jets,Baltimore Ravens,314.5118
New York Jets,Cincinnati Bengals,997.0771
New York Jets,Cleveland Browns,704.4982
New York Jets,Pittsburgh Steelers,566.179
New York Jets,Houston Texans,2599.1411000000003
New York Jets,Indianapolis Colts,1112.4343999999999
New York Jets,Jacksonville Jaguars,1512.8251
New York Jets,Tennessee Titans,1391.1099
New York Jets,Denver Broncos,2824.6897000000004
New York Jets,Kansas City Chiefs,1876.3015
New York Jets,Las Vegas Raiders,4033.4385
New York Jets,Los Angeles Chargers,4475.2832
New York Jets,Dallas Cowboys,2489.867
New York Jets,New York Giants,49.135400000000004
New York Jets,Philadelphia Eagles,150.3578
New York Jets,Washington Commanders,362.6823
New York Jets,Chicago Bears,1231.9835
New York Jets,Detroit Lions,949.8871
New York Jets,Green Bay Packers,1559.2574
New York Jets,Minnesota Vikings,1890.3344
New York Jets,Atlanta Falcons,1379.9395
New York Jets,Carolina Panthers,1007.4414
New York Jets,New Orleans Saints,2066.5009
New York Jets,Tampa Bay Buccaneers,1829.2368000000001
New York Jets,Arizona Cardinals,3921.9209
New York Jets,Los Angeles Rams,4475.2832
New York Jets,San Francisco 49ers,4687.6387
New York Jets,Seattle Seahawks,4526.989799999999
Baltimore Ravens,Buffalo Bills,584.4808
Baltimore Ravens,Miami Dolphins,1751.2436
Baltimore Ravens,New England Patriots,643.2882
Baltimore Ravens,New York Jets,318.2831
Baltimore Ravens,Baltimore Ravens,31.0912
Baltimore Ravens,Cincinnati Bengals,796.9031
Baltimore Ravens,Cleveland Browns,583.3548000000001
Baltimore Ravens,Pittsburgh Steelers,381.65709999999996
Baltimore Ravens,Houston Texans,2315.5445
Baltimore Ravens,Indianapolis Colts,912.2605
Baltimore Ravens,Jacksonville Jaguars,1220.1963999999998
Baltimore Ravens,Tennessee Titans,1107.5133
Baltimore Ravens,Denver Broncos,2703.5463999999997
Baltimore Ravens,Kansas City Chiefs,1676.1275
Baltimore Ravens,Las Vegas Raiders,3912.2951000000003
Baltimore Ravens,Los Angeles Chargers,4268.661
Baltimore Ravens,Dallas Cowboys,2206.2704
Baltimore Ravens,New York Giants,318.2831
Baltimore Ravens,Philadelphia Eagles,173.64
Baltimore Ravens,Washington Commanders,77.0232
Baltimore Ravens,Chicago Bears,1110.8401999999999
Baltimore Ravens,Detroit Lions,828.7437
Baltimore Ravens,Green Bay Packers,1438.114
Baltimore Ravens,Minnesota Vikings,1769.191
Baltimore Ravens,Atlanta Falcons,1096.3428000000001
Baltimore Ravens,Carolina Panthers,715.3252
Baltimore Ravens,New Orleans Saints,1782.9043000000001
Baltimore Ravens,Tampa Bay Buccaneers,1536.6081000000001
Baltimore Ravens,Arizona Cardinals,3721.747
Baltimore Ravens,Los Angeles Rams,4268.661
Baltimore Ravens,San Francisco 49ers,4566.495400000001
Baltimore Ravens,Seattle Seahawks,4405.8464
Cincinnati Bengals,Buffalo Bills,691.7065
Cincinnati Bengals,Miami Dolphins,1766.2772
Cincinnati Bengals,New England Patriots,1403.2948000000001
Cincinnati Bengals,New York Jets,1072.2035
Cincinnati Bengals,Baltimore Ravens,817.2788
Cincinnati Bengals,Cincinnati Bengals,1.1929
Cincinnati Bengals,Cleveland Browns,404.8734
Cincinnati Bengals,Pittsburgh Steelers,466.3716
Cincinnati Bengals,Houston Texans,1699.6508000000001
Cincinnati Bengals,Indianapolis Colts,176.62529999999998
Cincinnati Bengals,Jacksonville Jaguars,1250.0146000000002
Cincinnati Bengals,Tennessee Titans,437.0172
Cincinnati Bengals,Denver Broncos,1918.8121999999998
Cincinnati Bengals,Kansas City Chiefs,938.2056
Cincinnati Bengals,Las Vegas Raiders,3130.7021
Cincinnati Bengals,Los Angeles Chargers,3530.739
Cincinnati Bengals,Dallas Cowboys,1532.8265
Cincinnati Bengals,New York Giants,1072.2035
Cincinnati Bengals,Philadelphia Eagles,934.6088000000001
Cincinnati Bengals,Washington Commanders,823.9966
Cincinnati Bengals,Chicago Bears,466.2375
Cincinnati Bengals,Detroit Lions,419.9975
Cincinnati Bengals,Green Bay Packers,793.5113
Cincinnati Bengals,Minnesota Vikings,1134.5687
Cincinnati Bengals,Atlanta Falcons,722.3749
Cincinnati Bengals,Carolina Panthers,736.4055999999999
Cincinnati Bengals,New Orleans Saints,1291.707
Cincinnati Bengals,Tampa Bay Buccaneers,1457.0627
Cincinnati Bengals,Arizona Cardinals,2983.8251
Cincinnati Bengals,Los Angeles Rams,3530.739
Cincinnati Bengals,San Francisco 49ers,3883.4278
Cincinnati Bengals,Seattle Seahawks,3771.4579
Cleveland Browns,Buffalo Bills,317.9574
Cleveland Browns,Miami Dolphins,1968.3143
Cleveland Browns,New England Patriots,1067.6252
Cleveland Browns,New York Jets,736.5338
Cleveland Browns,Baltimore Ravens,601.2289000000001
Cleveland Browns,Cincinnati Bengals,381.9933
Cleveland Browns,Cleveland Browns,22.8763
Cleveland Browns,Pittsburgh Steelers,214.0732
Cleveland Browns,Houston Texans,2080.0321
Cleveland Browns,Indianapolis Colts,491.5045
Cleveland Browns,Jacksonville Jaguars,1437.2671
Cleveland Browns,Tennessee Titans,817.3986
Cleveland Browns,Denver Broncos,2129.8237000000004
Cleveland Browns,Kansas City Chiefs,1255.3716000000002
Cleveland Browns,Las Vegas Raiders,3338.5724
Cleveland Browns,Los Angeles Chargers,3780.4171
Cleveland Browns,Dallas Cowboys,1913.2078999999999
Cleveland Browns,New York Giants,736.5338
Cleveland Browns,Philadelphia Eagles,701.2303
Cleveland Browns,Washington Commanders,607.9467
Cleveland Browns,Chicago Bears,537.1175
Cleveland Browns,Detroit Lions,255.021
Cleveland Browns,Green Bay Packers,864.3913
Cleveland Browns,Minnesota Vikings,1195.4683
Cleveland Browns,Atlanta Falcons,1102.7563
Cleveland Browns,Carolina Panthers,818.1101
Cleveland Browns,New Orleans Saints,1672.0883999999999
Cleveland Browns,Tampa Bay Buccaneers,1753.6787
Cleveland Browns,Arizona Cardinals,3300.9911
Cleveland Browns,Los Angeles Rams,3780.4171
Cleveland Browns,San Francisco 49ers,3992.7727
Cleveland Browns,Seattle Seahawks,3832.1237
Pittsburgh Steelers,Buffalo Bills,339.86409999999995
Pittsburgh Steelers,Miami Dolphins,1867.2288
Pittsburgh Steelers,New England Patriots,916.1649
Pittsburgh Steelers,New York Jets,593.1436
Pittsburgh Steelers,Baltimore Ravens,394.6733
Pittsburgh Steelers,Cincinnati Bengals,469.54490000000004
Pittsburgh Steelers,Cleveland Browns,218.45270000000002
Pittsburgh Steelers,Pittsburgh Steelers,8.1269
Pittsburgh Steelers,Houston Texans,2167.5837
Pittsburgh Steelers,Indianapolis Colts,584.9022
Pittsburgh Steelers,Jacksonville Jaguars,1336.1816000000001
Pittsburgh Steelers,Tennessee Titans,904.9502
Pittsburgh Steelers,Denver Broncos,2338.6443
Pittsburgh Steelers,Kansas City Chiefs,1348.7693000000002
Pittsburgh Steelers,Las Vegas Raiders,3547.393
Pittsburgh Steelers,Los Angeles Chargers,3941.3027
Pittsburgh Steelers,Dallas Cowboys,2000.7595
Pittsburgh Steelers,New York Giants,593.1436
Pittsburgh Steelers,Philadelphia Eagles,494.67470000000003
Pittsburgh Steelers,Washington Commanders,401.3912
Pittsburgh Steelers,Chicago Bears,745.9381
Pittsburgh Steelers,Detroit Lions,463.84159999999997
Pittsburgh Steelers,Green Bay Packers,1073.2119
Pittsburgh Steelers,Minnesota Vikings,1404.2889
Pittsburgh Steelers,Atlanta Falcons,1089.5227
Pittsburgh Steelers,Carolina Panthers,717.0246
Pittsburgh Steelers,New Orleans Saints,1748.6265
Pittsburgh Steelers,Tampa Bay Buccaneers,1652.5932
Pittsburgh Steelers,Arizona Cardinals,3394.3887
Pittsburgh Steelers,Los Angeles Rams,3941.3027
Pittsburgh Steelers,San Francisco 49ers,4201.5932999999995
Pittsburgh Steelers,Seattle Seahawks,4040.9444
Houston Texans,Buffalo Bills,2386.1333999999997
Houston Texans,Miami Dolphins,1901.7508
Houston Texans,New England Patriots,2956.3611
Houston Texans,New York Jets,2631.356
Houston Texans,Baltimore Ravens,2337.6396
Houston Texans,Cincinnati Bengals,1695.7655
Houston Texans,Cleveland Browns,2099.3002
Houston Texans,Pittsburgh Steelers,2160.7984
Houston Texans,Houston Texans,1.1959000000000002
Houston Texans,Indianapolis Colts,1626.3105
Houston Texans,Jacksonville Jaguars,1416.0175
Houston Texans,Tennessee Titans,1264.8156999999999
Houston Texans,Denver Broncos,1677.2443
Houston Texans,Kansas City Chiefs,1201.5821
Houston Texans,Las Vegas Raiders,2307.9486
Houston Texans,Los Angeles Chargers,2512.7567999999997
Houston Texans,Dallas Cowboys,423.01959999999997
Houston Texans,New York Giants,2631.356
Houston Texans,Philadelphia Eagles,2493.971
Houston Texans,Washington Commanders,2297.4138
Houston Texans,Chicago Bears,1736.2726
Houston Texans,Detroit Lions,2075.932
Houston Texans,Green Bay Packers,2044.6725
Houston Texans,Minnesota Vikings,1903.6493
Houston Texans,Atlanta Falcons,1288.1375
Houston Texans,Carolina Panthers,1677.3367
Houston Texans,New Orleans Saints,570.761
Houston Texans,Tampa Bay Buccaneers,1592.5362
Houston Texans,Arizona Cardinals,1921.8424
Houston Texans,Los Angeles Rams,2512.7567999999997
Houston Texans,San Francisco 49ers,3047.7762000000002
Houston Texans,Seattle Seahawks,3740.0703
Indianapolis Colts,Buffalo Bills,809.9721999999999
Indianapolis Colts,Miami Dolphins,1870.8023
Indianapolis Colts,New England Patriots,1521.5605
Indianapolis Colts,New York Jets,1190.4691
Indianapolis Colts,Baltimore Ravens,941.3643000000001
Indianapolis Colts,Cincinnati Bengals,193.541
Indianapolis Colts,Cleveland Browns,523.1391
Indianapolis Colts,Pittsburgh Steelers,590.4571
Indianapolis Colts,Houston Texans,1631.5223999999998
Indianapolis Colts,Indianapolis Colts,18.3792
Indianapolis Colts,Jacksonville Jaguars,1385.1663
Indianapolis Colts,Tennessee Titans,479.3361
Indianapolis Colts,Denver Broncos,1750.4825
Indianapolis Colts,Kansas City Chiefs,769.8758
Indianapolis Colts,Las Vegas Raiders,2962.3723999999997
Indianapolis Colts,Los Angeles Chargers,3362.4093
Indianapolis Colts,Dallas Cowboys,1464.6982
Indianapolis Colts,New York Giants,1190.4691
Indianapolis Colts,Philadelphia Eagles,1058.6943
Indianapolis Colts,Washington Commanders,948.0822
Indianapolis Colts,Chicago Bears,277.4343
Indianapolis Colts,Detroit Lions,454.24190000000004
Indianapolis Colts,Green Bay Packers,604.7081
Indianapolis Colts,Minnesota Vikings,945.7655
Indianapolis Colts,Atlanta Falcons,826.9
Indianapolis Colts,Carolina Panthers,925.9626
Indianapolis Colts,New Orleans Saints,1334.0258999999999
Indianapolis Colts,Tampa Bay Buccaneers,1561.5878
Indianapolis Colts,Arizona Cardinals,2815.4952999999996
Indianapolis Colts,Los Angeles Rams,3362.4093
Indianapolis Colts,San Francisco 49ers,3698.5975
Indianapolis Colts,Seattle Seahawks,3586.6276000000003
Jacksonville Jaguars,Buffalo Bills,1661.2525
Jacksonville Jaguars,Miami Dolphins,535.6712
Jacksonville Jaguars,New England Patriots,1827.9514
Jacksonville Jaguars,New York Jets,1502.9463
Jacksonville Jaguars,Baltimore Ravens,1203.1456
Jacksonville Jaguars,Cincinnati Bengals,1249.5865
Jacksonville Jaguars,Cleveland Browns,1434.7765
Jacksonville Jaguars,Pittsburgh Steelers,1332.8996000000002
Jacksonville Jaguars,Houston Texans,1415.738
Jacksonville Jaguars,Indianapolis Colts,1366.3997
Jacksonville Jaguars,Jacksonville Jaguars,0.0
Jacksonville Jaguars,Tennessee Titans,956.5803000000001
Jacksonville Jaguars,Denver Broncos,2816.8637000000003
Jacksonville Jaguars,Kansas City Chiefs,1836.2571
Jacksonville Jaguars,Las Vegas Raiders,3567.0157000000004
Jacksonville Jaguars,Los Angeles Chargers,3909.0744
Jacksonville Jaguars,Dallas Cowboys,1630.0869
Jacksonville Jaguars,New York Giants,1502.9463
Jacksonville Jaguars,Philadelphia Eagles,1358.3032
Jacksonville Jaguars,Washington Commanders,1163.6825
Jacksonville Jaguars,Chicago Bears,1657.9025
Jacksonville Jaguars,Detroit Lions,1646.1016000000002
Jacksonville Jaguars,Green Bay Packers,1985.1763
Jacksonville Jaguars,Minnesota Vikings,2338.4874
Jacksonville Jaguars,Atlanta Falcons,558.553
Jacksonville Jaguars,Carolina Panthers,615.904
Jacksonville Jaguars,New Orleans Saints,882.5124000000001
Jacksonville Jaguars,Tampa Bay Buccaneers,325.5085
Jacksonville Jaguars,Arizona Cardinals,3318.1599
Jacksonville Jaguars,Los Angeles Rams,3909.0744
Jacksonville Jaguars,San Francisco 49ers,4336.8189
Jacksonville Jaguars,Seattle Seahawks,4810.2534000000005
Tennessee Titans,Buffalo Bills,1126.5275
Tennessee Titans,Miami Dolphins,1445.8173000000002
Tennessee Titans,New England Patriots,1753.5862
Tennessee Titans,New York Jets,1428.581
Tennessee Titans,Baltimore Ravens,1134.8646
Tennessee Titans,Cincinnati Bengals,436.15959999999995
Tennessee Titans,Cleveland Browns,839.6944
Tennessee Titans,Pittsburgh Steelers,901.1926
Tennessee Titans,Houston Texans,1266.5203000000001
Tennessee Titans,Indianapolis Colts,462.2521
Tennessee Titans,Jacksonville Jaguars,960.1813000000001
Tennessee Titans,Tennessee Titans,6.9864
Tennessee Titans,Denver Broncos,1863.2425
Tennessee Titans,Kansas City Chiefs,882.6359
Tennessee Titans,Las Vegas Raiders,2892.4441
Tennessee Titans,Los Angeles Chargers,3258.7963
Tennessee Titans,Dallas Cowboys,1099.6961000000001
Tennessee Titans,New York Giants,1428.581
Tennessee Titans,Philadelphia Eagles,1291.1961000000001
Tennessee Titans,Washington Commanders,1094.6389
Tennessee Titans,Chicago Bears,753.7549
Tennessee Titans,Detroit Lions,854.5101999999999
Tennessee Titans,Green Bay Packers,1081.0286999999998
Tennessee Titans,Minnesota Vikings,1384.8662
Tennessee Titans,Atlanta Falcons,401.915
Tennessee Titans,Carolina Panthers,659.8398000000001
Tennessee Titans,New Orleans Saints,859.4939
Tennessee Titans,Tampa Bay Buccaneers,1136.6028000000001
Tennessee Titans,Arizona Cardinals,2711.8822999999998
Tennessee Titans,Los Angeles Rams,3258.7963
Tennessee Titans,San Francisco 49ers,3662.2472000000002
Tennessee Titans,Seattle Seahawks,3856.6322
Denver Broncos,Buffalo Bills,2468.3079
Denver Broncos,Miami Dolphins,3278.6696
Denver Broncos,New England Patriots,3215.5792
Denver Broncos,New York Jets,2884.4878
Denver Broncos,Baltimore Ravens,2652.9872
Denver Broncos,Cincinnati Bengals,1897.0678
Denver Broncos,Cleveland Browns,2172.7057999999997
Denver Broncos,Pittsburgh Steelers,2302.08
Denver Broncos,Houston Texans,1661.2447
Denver Broncos,Indianapolis Colts,1724.7641
Denver Broncos,Jacksonville Jaguars,2793.0336
Denver Broncos,Tennessee Titans,1840.2668
Denver Broncos,Denver Broncos,28.1708
Denver Broncos,Kansas City Chiefs,961.1481
Denver Broncos,Las Vegas Raiders,1236.2733
Denver Broncos,Los Angeles Chargers,1678.118
Denver Broncos,Dallas Cowboys,1242.718
Denver Broncos,New York Giants,2884.4878
Denver Broncos,Philadelphia Eagles,2770.3172000000004
Denver Broncos,Washington Commanders,2659.705
Denver Broncos,Chicago Bears,1646.0658
Denver Broncos,Detroit Lions,2075.3309
Denver Broncos,Green Bay Packers,1782.0999
Denver Broncos,Minnesota Vikings,1498.3479
Denver Broncos,Atlanta Falcons,2234.7673
Denver Broncos,Carolina Panthers,2492.6921
Denver Broncos,New Orleans Saints,2072.9396
Denver Broncos,Tampa Bay Buccaneers,2969.4551
Denver Broncos,Arizona Cardinals,1445.8089
Denver Broncos,Los Angeles Rams,1678.118
Denver Broncos,San Francisco 49ers,2090.217
Denver Broncos,Seattle Seahawks,2124.8991
Kansas City Chiefs,Buffalo Bills,1593.1175
Kansas City Chiefs,Miami Dolphins,2420.7663
Kansas City Chiefs,New England Patriots,2301.54
Kansas City Chiefs,New York Jets,1970.4486000000002
Kansas City Chiefs,Baltimore Ravens,1721.3437
Kansas City Chiefs,Cincinnati Bengals,975.1204
Kansas City Chiefs,Cleveland Browns,1297.5154
Kansas City Chiefs,Pittsburgh Steelers,1370.4366
Kansas City Chiefs,Houston Texans,1320.1186
Kansas City Chiefs,Indianapolis Colts,799.9737
Kansas City Chiefs,Jacksonville Jaguars,1935.1303
Kansas City Chiefs,Tennessee Titans,982.3635
Kansas City Chiefs,Denver Broncos,995.3032
Kansas City Chiefs,Kansas City Chiefs,96.9632
Kansas City Chiefs,Las Vegas Raiders,2207.1931
Kansas City Chiefs,Los Angeles Chargers,2649.0377999999996
Kansas City Chiefs,Dallas Cowboys,929.255
Kansas City Chiefs,New York Giants,1970.4486000000002
Kansas City Chiefs,Philadelphia Eagles,1838.6737
Kansas City Chiefs,Washington Commanders,1728.0616
Kansas City Chiefs,Chicago Bears,788.5079000000001
Kansas City Chiefs,Detroit Lions,1200.1405
Kansas City Chiefs,Green Bay Packers,953.2141
Kansas City Chiefs,Minnesota Vikings,669.4621
Kansas City Chiefs,Atlanta Falcons,1376.864
Kansas City Chiefs,Carolina Panthers,1634.7888
Kansas City Chiefs,New Orleans Saints,1484.1143
Kansas City Chiefs,Tampa Bay Buccaneers,2111.5517999999997
Kansas City Chiefs,Arizona Cardinals,2049.131
Kansas City Chiefs,Los Angeles Rams,2649.0377999999996
Kansas City Chiefs,San Francisco 49ers,2873.271
Kansas City Chiefs,Seattle Seahawks,2878.0018999999998
Las Vegas Raiders,Buffalo Bills,3665.5602999999996
Las Vegas Raiders,Miami Dolphins,4044.6578
Las Vegas Raiders,New England Patriots,4412.8315999999995
Las Vegas Raiders,New York Jets,4081.7402
Las Vegas Raiders,Baltimore Ravens,3946.4354
Las Vegas Raiders,Cincinnati Bengals,3144.9352000000003
Las Vegas Raiders,Cleveland Browns,3369.9582
Las Vegas Raiders,Pittsburgh Steelers,3559.2797
Las Vegas Raiders,Houston Texans,2286.186
Las Vegas Raiders,Indianapolis Colts,2972.6315
Las Vegas Raiders,Jacksonville Jaguars,3558.9245
Las Vegas Raiders,Tennessee Titans,2885.3115
Las Vegas Raiders,Denver Broncos,1227.1216000000002
Las Vegas Raiders,Kansas City Chiefs,2209.0155
Las Vegas Raiders,Las Vegas Raiders,17.178900000000002
Las Vegas Raiders,Los Angeles Chargers,433.2885
Las Vegas Raiders,Dallas Cowboys,1942.2256
Las Vegas Raiders,New York Giants,4081.7402
Las Vegas Raiders,Philadelphia Eagles,4046.4367
Las Vegas Raiders,Washington Commanders,3953.1532
Las Vegas Raiders,Chicago Bears,2843.3182
Las Vegas Raiders,Detroit Lions,3272.5833
Las Vegas Raiders,Green Bay Packers,2979.3523
Las Vegas Raiders,Minnesota Vikings,2645.571
Las Vegas Raiders,Atlanta Falcons,3154.6397
Las Vegas Raiders,Carolina Panthers,3546.8827
Las Vegas Raiders,New Orleans Saints,2772.4473
Las Vegas Raiders,Tampa Bay Buccaneers,3735.4432
Las Vegas Raiders,Arizona Cardinals,445.1036
Las Vegas Raiders,Los Angeles Rams,433.2885
Las Vegas Raiders,San Francisco 49ers,836.7395
Las Vegas Raiders,Seattle Seahawks,1813.088
Los Angeles Chargers,Buffalo Bills,4098.5545
Los Angeles Chargers,Miami Dolphins,4399.1113
Los Angeles Chargers,New England Patriots,4845.8258
Los Angeles Chargers,New York Jets,4514.7344
Los Angeles Chargers,Baltimore Ravens,4290.7298
Los Angeles Chargers,Cincinnati Bengals,3534.8104
Los Angeles Chargers,Cleveland Browns,3802.9524
Los Angeles Chargers,Pittsburgh Steelers,3939.8226
Los Angeles Chargers,Houston Texans,2517.6783
Los Angeles Chargers,Indianapolis Colts,3362.5067000000004
Los Angeles Chargers,Jacksonville Jaguars,3913.378
Los Angeles Chargers,Tennessee Titans,3264.477
Los Angeles Chargers,Denver Broncos,1660.1158
Los Angeles Chargers,Kansas City Chiefs,2642.0097
Los Angeles Chargers,Las Vegas Raiders,450.1731
Los Angeles Chargers,Los Angeles Chargers,10.6496
Los Angeles Chargers,Dallas Cowboys,2307.2982
Los Angeles Chargers,New York Giants,4514.7344
Los Angeles Chargers,Philadelphia Eagles,4408.0598
Los Angeles Chargers,Washington Commanders,4352.1427
Los Angeles Chargers,Chicago Bears,3276.3124
Los Angeles Chargers,Detroit Lions,3705.5775
Los Angeles Chargers,Green Bay Packers,3412.3465
Los Angeles Chargers,Minnesota Vikings,3078.5652
Los Angeles Chargers,Atlanta Falcons,3533.8053
Los Angeles Chargers,Carolina Panthers,3926.0482
Los Angeles Chargers,New Orleans Saints,3068.1215
Los Angeles Chargers,Tampa Bay Buccaneers,4089.8968
Los Angeles Chargers,Arizona Cardinals,609.3471
Los Angeles Chargers,Los Angeles Rams,10.6496
Los Angeles Chargers,San Francisco 49ers,570.4741
Los Angeles Chargers,Seattle Seahawks,1838.5255
Dallas Cowboys,Buffalo Bills,2191.8826
Dallas Cowboys,Miami Dolphins,2115.6249
Dallas Cowboys,New England Patriots,2817.1778999999997
Dallas Cowboys,New York Jets,2492.1728
Dallas Cowboys,Baltimore Ravens,2198.4563
Dallas Cowboys,Cincinnati Bengals,1501.5147
Dallas Cowboys,Cleveland Browns,1905.0495
Dallas Cowboys,Pittsburgh Steelers,1966.5476999999998
Dallas Cowboys,Houston Texans,435.8673
Dallas Cowboys,Indianapolis Colts,1375.487
Dallas Cowboys,Jacksonville Jaguars,1629.8916000000002
Dallas Cowboys,Tennessee Titans,1070.565
Dallas Cowboys,Denver Broncos,1263.0629
Dallas Cowboys,Kansas City Chiefs,782.9958
Dallas Cowboys,Las Vegas Raiders,1951.681
Dallas Cowboys,Los Angeles Chargers,2354.0609
Dallas Cowboys,Dallas Cowboys,58.2864
Dallas Cowboys,New York Giants,2492.1728
Dallas Cowboys,Philadelphia Eagles,2354.7877999999996
Dallas Cowboys,Washington Commanders,2158.2306
Dallas Cowboys,Chicago Bears,1463.5108
Dallas Cowboys,Detroit Lions,1825.1085
Dallas Cowboys,Green Bay Packers,1769.7905
Dallas Cowboys,Minnesota Vikings,1485.063
Dallas Cowboys,Atlanta Falcons,1288.1833000000001
Dallas Cowboys,Carolina Panthers,1680.4263
Dallas Cowboys,New Orleans Saints,843.4144
Dallas Cowboys,Tampa Bay Buccaneers,1806.4103
Dallas Cowboys,Arizona Cardinals,1763.1465
Dallas Cowboys,Los Angeles Rams,2354.0609
Dallas Cowboys,San Francisco 49ers,2721.4841
Dallas Cowboys,Seattle Seahawks,3325.8889
New York Giants,Buffalo Bills,577.0376
New York Giants,Miami Dolphins,2034.582
New York Giants,New England Patriots,328.5027
New York Giants,New York Jets,1.5025
New York Giants,Baltimore Ravens,305.2214
New York Giants,Cincinnati Bengals,1066.1773
New York Giants,Cleveland Browns,734.5085
New York Giants,Pittsburgh Steelers,596.6664000000001
New York Giants,Houston Texans,2629.6286
New York Giants,Indianapolis Colts,1175.6886000000002
New York Giants,Jacksonville Jaguars,1503.5348000000001
New York Giants,Tennessee Titans,1421.5973999999999
New York Giants,Denver Broncos,2854.7001
New York Giants,Kansas City Chiefs,1939.5557
New York Giants,Las Vegas Raiders,4063.4487999999997
New York Giants,Los Angeles Chargers,4505.2935
New York Giants,Dallas Cowboys,2520.3543999999997
New York Giants,New York Giants,1.5025
New York Giants,Philadelphia Eagles,154.6564
New York Giants,Washington Commanders,353.392
New York Giants,Chicago Bears,1261.9938
New York Giants,Detroit Lions,979.8974000000001
New York Giants,Green Bay Packers,1589.2676999999999
New York Giants,Minnesota Vikings,1920.3446999999999
New York Giants,Atlanta Falcons,1385.2205
New York Giants,Carolina Panthers,998.6636
New York Giants,New Orleans Saints,2096.9883999999997
New York Giants,Tampa Bay Buccaneers,1819.9463999999998
New York Giants,Arizona Cardinals,3985.1751
New York Giants,Los Angeles Rams,4505.2935
New York Giants,San Francisco 49ers,4717.649
New York Giants,Seattle Seahawks,4557.000099999999
Philadelphia Eagles,Buffalo Bills,595.144
Philadelphia Eagles,Miami Dolphins,1888.7662
Philadelphia Eagles,New England Patriots,480.47
Philadelphia Eagles,New York Jets,155.4648
Philadelphia Eagles,Baltimore Ravens,159.4056
Philadelphia Eagles,Cincinnati Bengals,930.5921999999999
Philadelphia Eagles,Cleveland Browns,701.3916999999999
Philadelphia Eagles,Pittsburgh Steelers,499.6941
Philadelphia Eagles,Houston Texans,2491.8774
Philadelphia Eagles,Indianapolis Colts,1045.9495
Philadelphia Eagles,Jacksonville Jaguars,1357.719
Philadelphia Eagles,Tennessee Titans,1283.8462
Philadelphia Eagles,Denver Broncos,2821.5833
Philadelphia Eagles,Kansas City Chiefs,1809.8166
Philadelphia Eagles,Las Vegas Raiders,4030.3321
Philadelphia Eagles,Los Angeles Chargers,4402.35
Philadelphia Eagles,Dallas Cowboys,2382.6032999999998
Philadelphia Eagles,New York Giants,155.4648
Philadelphia Eagles,Philadelphia Eagles,1.6080999999999999
Philadelphia Eagles,Washington Commanders,207.5762
Philadelphia Eagles,Chicago Bears,1228.8771000000002
Philadelphia Eagles,Detroit Lions,946.7805999999999
Philadelphia Eagles,Green Bay Packers,1556.1508999999999
Philadelphia Eagles,Minnesota Vikings,1887.228
Philadelphia Eagles,Atlanta Falcons,1239.4047
Philadelphia Eagles,Carolina Panthers,852.8478
Philadelphia Eagles,New Orleans Saints,1959.2372
Philadelphia Eagles,Tampa Bay Buccaneers,1674.1307
Philadelphia Eagles,Arizona Cardinals,3855.436
Philadelphia Eagles,Los Angeles Rams,4402.35
Philadelphia Eagles,San Francisco 49ers,4684.5323
Philadelphia Eagles,Seattle Seahawks,4523.883400000001
Washington Commanders,Buffalo Bills,577.1551999999999
Washington Commanders,Miami Dolphins,1691.0605
Washington Commanders,New England Patriots,725.8128
Washington Commanders,New York Jets,400.8077
Washington Commanders,Baltimore Ravens,99.8331
Washington Commanders,Cincinnati Bengals,767.6179000000001
Washington Commanders,Cleveland Browns,576.0292
Washington Commanders,Pittsburgh Steelers,374.3315
Washington Commanders,Houston Texans,2262.591
Washington Commanders,Indianapolis Colts,882.9753000000001
Washington Commanders,Jacksonville Jaguars,1160.0133
Washington Commanders,Tennessee Titans,1054.5598
Washington Commanders,Denver Broncos,2627.449
Washington Commanders,Kansas City Chiefs,1646.8423
Washington Commanders,Las Vegas Raiders,3904.9695
Washington Commanders,Los Angeles Chargers,4312.417
Washington Commanders,Dallas Cowboys,2153.3167999999996
Washington Commanders,New York Giants,400.8077
Washington Commanders,Philadelphia Eagles,256.1646
Washington Commanders,Washington Commanders,65.7032
Washington Commanders,Chicago Bears,1103.5146000000002
Washington Commanders,Detroit Lions,821.4181
Washington Commanders,Green Bay Packers,1430.7884
Washington Commanders,Minnesota Vikings,1761.8654
Washington Commanders,Atlanta Falcons,986.8418
Washington Commanders,Carolina Panthers,600.2849
Washington Commanders,New Orleans Saints,1729.9508
Washington Commanders,Tampa Bay Buccaneers,1476.4249
Washington Commanders,Arizona Cardinals,3765.5031
Washington Commanders,Los Angeles Rams,4312.417
Washington Commanders,San Francisco 49ers,4559.1698
Washington Commanders,Seattle Seahawks,4398.5209
Chicago Bears,Buffalo Bills,898.8259
Chicago Bears,Miami Dolphins,2194.4172000000003
Chicago Bears,New England Patriots,1646.0972
Chicago Bears,New York Jets,1315.0058000000001
Chicago Bears,Baltimore Ravens,1179.7008999999998
Chicago Bears,Cincinnati Bengals,517.1558
Chicago Bears,Cleveland Browns,603.2238000000001
Chicago Bears,Pittsburgh Steelers,792.5453
Chicago Bears,Houston Texans,1787.0252
Chicago Bears,Indianapolis Colts,341.994
Chicago Bears,Jacksonville Jaguars,1708.7812
Chicago Bears,Tennessee Titans,802.951
Chicago Bears,Denver Broncos,1644.3025
Chicago Bears,Kansas City Chiefs,878.4081
Chicago Bears,Las Vegas Raiders,2853.0512999999996
Chicago Bears,Los Angeles Chargers,3294.896
Chicago Bears,Dallas Cowboys,1550.9993
Chicago Bears,New York Giants,1315.0058000000001
Chicago Bears,Philadelphia Eagles,1279.7023000000002
Chicago Bears,Washington Commanders,1186.4188000000001
Chicago Bears,Chicago Bears,53.7918
Chicago Bears,Detroit Lions,507.8223
Chicago Bears,Green Bay Packers,281.35540000000003
Chicago Bears,Minnesota Vikings,630.4818
Chicago Bears,Atlanta Falcons,1150.5149
Chicago Bears,Carolina Panthers,1249.5775
Chicago Bears,New Orleans Saints,1536.0286
Chicago Bears,Tampa Bay Buccaneers,1885.2026
Chicago Bears,Arizona Cardinals,2934.8907000000004
Chicago Bears,Los Angeles Rams,3294.896
Chicago Bears,San Francisco 49ers,3507.2515
Chicago Bears,Seattle Seahawks,3267.1372
Detroit Lions,Buffalo Bills,446.815
Detroit Lions,Miami Dolphins,2173.0495
Detroit Lions,New England Patriots,1153.9032
Detroit Lions,New York Jets,973.086
Detroit Lions,Baltimore Ravens,837.7810999999999
Detroit Lions,Cincinnati Bengals,409.5862
Detroit Lions,Cleveland Browns,261.3039
Detroit Lions,Pittsburgh Steelers,450.6254
Detroit Lions,Houston Texans,2066.771
Detroit Lions,Indianapolis Colts,441.2573
Detroit Lions,Jacksonville Jaguars,1601.7008
Detroit Lions,Tennessee Titans,843.7895
Detroit Lions,Denver Broncos,2031.3082
Detroit Lions,Kansas City Chiefs,1220.9586000000002
Detroit Lions,Las Vegas Raiders,3240.0569
Detroit Lions,Los Angeles Chargers,3681.9016
Detroit Lions,Dallas Cowboys,1899.9467
Detroit Lions,New York Giants,973.086
Detroit Lions,Philadelphia Eagles,937.7825
Detroit Lions,Washington Commanders,844.4989
Detroit Lions,Chicago Bears,440.06759999999997
Detroit Lions,Detroit Lions,18.806
Detroit Lions,Green Bay Packers,767.3414
Detroit Lions,Minnesota Vikings,1098.4184
Detroit Lions,Atlanta Falcons,1129.1471999999999
Detroit Lions,Carolina Panthers,982.5438
Detroit Lions,New Orleans Saints,1698.4793
Detroit Lions,Tampa Bay Buccaneers,1863.835
Detroit Lions,Arizona Cardinals,3250.7437999999997
Detroit Lions,Los Angeles Rams,3681.9016
Detroit Lions,San Francisco 49ers,3894.2572
Detroit Lions,Seattle Seahawks,3735.0739
Green Bay Packers,Buffalo Bills,1175.3573999999999
Green Bay Packers,Miami Dolphins,2470.9487000000004
Green Bay Packers,New England Patriots,1922.6288
Green Bay Packers,New York Jets,1591.5374
Green Bay Packers,Baltimore Ravens,1456.2325
Green Bay Packers,Cincinnati Bengals,793.6874
Green Bay Packers,Cleveland Browns,879.7554
Green Bay Packers,Pittsburgh Steelers,1069.0768999999998
Green Bay Packers,Houston Texans,2041.7321000000002
Green Bay Packers,Indianapolis Colts,618.5255999999999
Green Bay Packers,Jacksonville Jaguars,1985.3128000000002
Green Bay Packers,Tennessee Titans,1079.4826
Green Bay Packers,Denver Broncos,1754.9957
Green Bay Packers,Kansas City Chiefs,989.1013
Green Bay Packers,Las Vegas Raiders,2963.7444
Green Bay Packers,Los Angeles Chargers,3405.5891
Green Bay Packers,Dallas Cowboys,1819.8986
Green Bay Packers,New York Giants,1591.5374
Green Bay Packers,Philadelphia Eagles,1556.2339
Green Bay Packers,Washington Commanders,1462.9504
Green Bay Packers,Chicago Bears,330.32340000000005
Green Bay Packers,Detroit Lions,784.3539000000001
Green Bay Packers,Green Bay Packers,0.7948
Green Bay Packers,Minnesota Vikings,446.8051
Green Bay Packers,Atlanta Falcons,1427.0464
Green Bay Packers,Carolina Panthers,1526.109
Green Bay Packers,New Orleans Saints,1811.8497
Green Bay Packers,Tampa Bay Buccaneers,2161.7342000000003
Green Bay Packers,Arizona Cardinals,3001.429
Green Bay Packers,Los Angeles Rams,3405.5891
Green Bay Packers,San Francisco 49ers,3617.9446000000003
Green Bay Packers,Seattle Seahawks,3117.0217000000002
Minnesota Vikings,Buffalo Bills,1500.839
Minnesota Vikings,Miami Dolphins,2812.6981
Minnesota Vikings,New England Patriots,2248.1103
Minnesota Vikings,New York Jets,1917.019
Minnesota Vikings,Baltimore Ravens,1781.7141000000001
Minnesota Vikings,Cincinnati Bengals,1127.6286
Minnesota Vikings,Cleveland Browns,1205.2368999999999
Minnesota Vikings,Pittsburgh Steelers,1394.5584
Minnesota Vikings,Houston Texans,1896.2773
Minnesota Vikings,Indianapolis Colts,952.4668
Minnesota Vikings,Jacksonville Jaguars,2327.0621
Minnesota Vikings,Tennessee Titans,1374.2953
Minnesota Vikings,Denver Broncos,1463.6383999999998
Minnesota Vikings,Kansas City Chiefs,697.744
Minnesota Vikings,Las Vegas Raiders,2624.4085
Minnesota Vikings,Los Angeles Chargers,3066.2531
Minnesota Vikings,Dallas Cowboys,1590.1957
Minnesota Vikings,New York Giants,1917.019
Minnesota Vikings,Philadelphia Eagles,1881.7155
Minnesota Vikings,Washington Commanders,1788.4318999999998
Minnesota Vikings,Chicago Bears,655.805
Minnesota Vikings,Detroit Lions,1109.8354
Minnesota Vikings,Green Bay Packers,442.0817
Minnesota Vikings,Minnesota Vikings,19.964
Minnesota Vikings,Atlanta Falcons,1768.7958
Minnesota Vikings,Carolina Panthers,1860.0502
Minnesota Vikings,New Orleans Saints,1908.2828
Minnesota Vikings,Tampa Bay Buccaneers,2503.4836
Minnesota Vikings,Arizona Cardinals,2710.0717
Minnesota Vikings,Los Angeles Rams,3066.2531
Minnesota Vikings,San Francisco 49ers,3208.0197000000003
Minnesota Vikings,Seattle Seahawks,2693.2333
Atlanta Falcons,Buffalo Bills,1334.8586
Atlanta Falcons,Miami Dolphins,1109.3757
Atlanta Falcons,New England Patriots,1650.6389
Atlanta Falcons,New York Jets,1325.6336999999999
Atlanta Falcons,Baltimore Ravens,1025.8331
Atlanta Falcons,Cincinnati Bengals,690.7502
Atlanta Falcons,Cleveland Browns,1108.3826000000001
Atlanta Falcons,Pittsburgh Steelers,1006.5056999999999
Atlanta Falcons,Houston Texans,1361.3017
Atlanta Falcons,Indianapolis Colts,861.1211
Atlanta Falcons,Jacksonville Jaguars,623.7397
Atlanta Falcons,Tennessee Titans,451.30170000000004
Atlanta Falcons,Denver Broncos,2311.585
Atlanta Falcons,Kansas City Chiefs,1330.9784
Atlanta Falcons,Las Vegas Raiders,3239.3133
Atlanta Falcons,Los Angeles Chargers,3605.6655
Atlanta Falcons,Dallas Cowboys,1363.9157
Atlanta Falcons,New York Giants,1325.6336999999999
Atlanta Falcons,Philadelphia Eagles,1180.9907
Atlanta Falcons,Washington Commanders,986.37
Atlanta Falcons,Chicago Bears,1152.6238
Atlanta Falcons,Detroit Lions,1109.1008
Atlanta Falcons,Green Bay Packers,1479.8977
Atlanta Falcons,Minnesota Vikings,1833.2087
Atlanta Falcons,Atlanta Falcons,72.5427
Atlanta Falcons,Carolina Panthers,330.84340000000003
Atlanta Falcons,New Orleans Saints,828.0761
Atlanta Falcons,Tampa Bay Buccaneers,800.1612
Atlanta Falcons,Arizona Cardinals,3058.7515
Atlanta Falcons,Los Angeles Rams,3605.6655
Atlanta Falcons,San Francisco 49ers,4009.1164
Atlanta Falcons,Seattle Seahawks,4304.9747
Carolina Panthers,Buffalo Bills,1046.9729
Carolina Panthers,Miami Dolphins,1147.862
Carolina Panthers,New England Patriots,1325.0707
Carolina Panthers,New York Jets,1000.0656
Carolina Panthers,Baltimore Ravens,700.2649
Carolina Panthers,Cincinnati Bengals,734.8162
Carolina Panthers,Cleveland Browns,820.497
Carolina Panthers,Pittsburgh Steelers,718.62
Carolina Panthers,Houston Texans,1678.5528
Carolina Panthers,Indianapolis Colts,906.04
Carolina Panthers,Jacksonville Jaguars,616.8148
Carolina Panthers,Tennessee Titans,653.9086
Carolina Panthers,Denver Broncos,2514.192
Carolina Panthers,Kansas City Chiefs,1533.5853
Carolina Panthers,Las Vegas Raiders,3556.5643999999998
Carolina Panthers,Los Angeles Chargers,3922.9166
Carolina Panthers,Dallas Cowboys,1681.1668
Carolina Panthers,New York Giants,1000.0656
Carolina Panthers,Philadelphia Eagles,855.4225
Carolina Panthers,Washington Commanders,660.8018000000001
Carolina Panthers,Chicago Bears,1197.5428
Carolina Panthers,Detroit Lions,1031.822
Carolina Panthers,Green Bay Packers,1524.8166
Carolina Panthers,Minnesota Vikings,1865.874
Carolina Panthers,Atlanta Falcons,389.7938
Carolina Panthers,Carolina Panthers,0.0
Carolina Panthers,New Orleans Saints,1145.3272
Carolina Panthers,Tampa Bay Buccaneers,933.2264
Carolina Panthers,Arizona Cardinals,3376.0027
Carolina Panthers,Los Angeles Rams,3922.9166
Carolina Panthers,San Francisco 49ers,4326.3675
Carolina Panthers,Seattle Seahawks,4500.8726
New Orleans Saints,Buffalo Bills,1991.3409
New Orleans Saints,Miami Dolphins,1379.7555
New Orleans Saints,New England Patriots,2434.1932
New Orleans Saints,New York Jets,2109.188
New Orleans Saints,Baltimore Ravens,1815.4716
New Orleans Saints,Cincinnati Bengals,1300.9731000000002
New Orleans Saints,Cleveland Browns,1704.5078
New Orleans Saints,Pittsburgh Steelers,1762.8683
New Orleans Saints,Houston Texans,560.0463000000001
New Orleans Saints,Indianapolis Colts,1327.0656000000001
New Orleans Saints,Jacksonville Jaguars,894.0222
New Orleans Saints,Tennessee Titans,866.9508000000001
New Orleans Saints,Denver Broncos,2079.2699
New Orleans Saints,Kansas City Chiefs,1343.6533
New Orleans Saints,Las Vegas Raiders,2767.8878999999997
New Orleans Saints,Los Angeles Chargers,3053.3826
New Orleans Saints,Dallas Cowboys,830.9590999999999
New Orleans Saints,New York Giants,2109.188
New Orleans Saints,Philadelphia Eagles,1971.8031
New Orleans Saints,Washington Commanders,1775.2459
New Orleans Saints,Chicago Bears,1474.6347
New Orleans Saints,Detroit Lions,1719.3236000000002
New Orleans Saints,Green Bay Packers,1804.8797
New Orleans Saints,Minnesota Vikings,1950.825
New Orleans Saints,Atlanta Falcons,766.1422
New Orleans Saints,Carolina Panthers,1155.3413999999998
New Orleans Saints,New Orleans Saints,12.3816
New Orleans Saints,Tampa Bay Buccaneers,1070.5409
New Orleans Saints,Arizona Cardinals,2462.4682000000003
New Orleans Saints,Los Angeles Rams,3053.3826
New Orleans Saints,San Francisco 49ers,3588.402
New Orleans Saints,Seattle Seahawks,4142.0958
Tampa Bay Buccaneers,Buffalo Bills,1966.6522
Tampa Bay Buccaneers,Miami Dolphins,435.5195
Tampa Bay Buccaneers,New England Patriots,2133.3512
Tampa Bay Buccaneers,New York Jets,1808.346
Tampa Bay Buccaneers,Baltimore Ravens,1508.5453
Tampa Bay Buccaneers,Cincinnati Bengals,1453.9059
Tampa Bay Buccaneers,Cleveland Browns,1740.1763
Tampa Bay Buccaneers,Pittsburgh Steelers,1638.2993000000001
Tampa Bay Buccaneers,Houston Texans,1590.9382
Tampa Bay Buccaneers,Indianapolis Colts,1541.5182
Tampa Bay Buccaneers,Jacksonville Jaguars,321.959
Tampa Bay Buccaneers,Tennessee Titans,1131.6988000000001
Tampa Bay Buccaneers,Denver Broncos,2991.9822000000004
Tampa Bay Buccaneers,Kansas City Chiefs,2011.3756
Tampa Bay Buccaneers,Las Vegas Raiders,3742.216
Tampa Bay Buccaneers,Los Angeles Chargers,4084.2746
Tampa Bay Buccaneers,Dallas Cowboys,1805.2872
Tampa Bay Buccaneers,New York Giants,1808.346
Tampa Bay Buccaneers,Philadelphia Eagles,1663.7029
Tampa Bay Buccaneers,Washington Commanders,1469.0822
Tampa Bay Buccaneers,Chicago Bears,1833.021
Tampa Bay Buccaneers,Detroit Lions,1872.2564
Tampa Bay Buccaneers,Green Bay Packers,2160.2947999999997
Tampa Bay Buccaneers,Minnesota Vikings,2513.6059
Tampa Bay Buccaneers,Atlanta Falcons,733.6715
Tampa Bay Buccaneers,Carolina Panthers,921.3036999999999
Tampa Bay Buccaneers,New Orleans Saints,1057.7126
Tampa Bay Buccaneers,Tampa Bay Buccaneers,1.6785999999999999
Tampa Bay Buccaneers,Arizona Cardinals,3493.3601
Tampa Bay Buccaneers,Los Angeles Rams,4084.2746
Tampa Bay Buccaneers,San Francisco 49ers,4512.0190999999995
Tampa Bay Buccaneers,Seattle Seahawks,4985.3719
Arizona Cardinals,Buffalo Bills,3607.3603
Arizona Cardinals,Miami Dolphins,3806.8577999999998
Arizona Cardinals,New England Patriots,4318.9486
Arizona Cardinals,New York Jets,3987.8572000000004
Arizona Cardinals,Baltimore Ravens,3738.7524
Arizona Cardinals,Cincinnati Bengals,2982.8329
Arizona Cardinals,Cleveland Browns,3320.5271000000002
Arizona Cardinals,Pittsburgh Steelers,3387.8452
Arizona Cardinals,Houston Texans,1925.4248
Arizona Cardinals,Indianapolis Colts,2810.5292000000004
Arizona Cardinals,Jacksonville Jaguars,3321.1245
Arizona Cardinals,Tennessee Titans,2712.4996
Arizona Cardinals,Denver Broncos,1319.563
Arizona Cardinals,Kansas City Chiefs,2022.3151
Arizona Cardinals,Las Vegas Raiders,451.9443
Arizona Cardinals,Los Angeles Chargers,607.7221
Arizona Cardinals,Dallas Cowboys,1715.0447
Arizona Cardinals,New York Giants,3987.8572000000004
Arizona Cardinals,Philadelphia Eagles,3856.0824
Arizona Cardinals,Washington Commanders,3800.1652999999997
Arizona Cardinals,Chicago Bears,2898.553
Arizona Cardinals,Detroit Lions,3260.1508
Arizona Cardinals,Green Bay Packers,3004.0131
Arizona Cardinals,Minnesota Vikings,2720.2612000000004
Arizona Cardinals,Atlanta Falcons,2981.8278
Arizona Cardinals,Carolina Panthers,3374.0708
Arizona Cardinals,New Orleans Saints,2475.868
Arizona Cardinals,Tampa Bay Buccaneers,3497.6432999999997
Arizona Cardinals,Arizona Cardinals,0.0
Arizona Cardinals,Los Angeles Rams,607.7221
Arizona Cardinals,San Francisco 49ers,1142.7413999999999
Arizona Cardinals,Seattle Seahawks,2234.083
Los Angeles Rams,Buffalo Bills,4102.6608
Los Angeles Rams,Miami Dolphins,4418.6277
Los Angeles Rams,New England Patriots,4849.9321
Los Angeles Rams,New York Jets,4518.8408
Los Angeles Rams,Baltimore Ravens,4294.8360999999995
Los Angeles Rams,Cincinnati Bengals,3538.9167
Los Angeles Rams,Cleveland Browns,3807.0587
Los Angeles Rams,Pittsburgh Steelers,3943.929
Los Angeles Rams,Houston Texans,2537.1947
Los Angeles Rams,Indianapolis Colts,3366.613
Los Angeles Rams,Jacksonville Jaguars,3932.8944
Los Angeles Rams,Tennessee Titans,3268.5834
Los Angeles Rams,Denver Broncos,1664.2221000000002
Los Angeles Rams,Kansas City Chiefs,2646.1161
Los Angeles Rams,Las Vegas Raiders,454.2794
Los Angeles Rams,Los Angeles Chargers,43.225
Los Angeles Rams,Dallas Cowboys,2326.8146
Los Angeles Rams,New York Giants,4518.8408
Los Angeles Rams,Philadelphia Eagles,4412.1660999999995
Los Angeles Rams,Washington Commanders,4356.249
Los Angeles Rams,Chicago Bears,3280.4187
Los Angeles Rams,Detroit Lions,3709.6839
Los Angeles Rams,Green Bay Packers,3416.4528
Los Angeles Rams,Minnesota Vikings,3082.6716
Los Angeles Rams,Atlanta Falcons,3537.9116
Los Angeles Rams,Carolina Panthers,3930.1546000000003
Los Angeles Rams,New Orleans Saints,3087.6378999999997
Los Angeles Rams,Tampa Bay Buccaneers,4109.4132
Los Angeles Rams,Arizona Cardinals,628.8635
Los Angeles Rams,Los Angeles Rams,43.225
Los Angeles Rams,San Francisco 49ers,550.5748000000001
Los Angeles Rams,Seattle Seahawks,1818.6262
San Francisco 49ers,Buffalo Bills,4306.151900000001
San Francisco 49ers,Miami Dolphins,4823.4328
San Francisco 49ers,New England Patriots,5053.4232
San Francisco 49ers,New York Jets,4722.3318
San Francisco 49ers,Baltimore Ravens,4587.027
San Francisco 49ers,Cincinnati Bengals,3853.726
San Francisco 49ers,Cleveland Browns,4010.5498
San Francisco 49ers,Pittsburgh Steelers,4199.8713
San Francisco 49ers,Houston Texans,3053.3565
San Francisco 49ers,Indianapolis Colts,3678.5794
San Francisco 49ers,Jacksonville Jaguars,4337.6995
San Francisco 49ers,Tennessee Titans,3664.0866
San Francisco 49ers,Denver Broncos,2062.3269
San Francisco 49ers,Kansas City Chiefs,2971.5572
San Francisco 49ers,Las Vegas Raiders,849.7826
San Francisco 49ers,Los Angeles Chargers,568.0298
San Francisco 49ers,Dallas Cowboys,2721.0007
San Francisco 49ers,New York Giants,4722.3318
San Francisco 49ers,Philadelphia Eagles,4687.0283
San Francisco 49ers,Washington Commanders,4593.7447999999995
San Francisco 49ers,Chicago Bears,3483.9098
San Francisco 49ers,Detroit Lions,3913.175
San Francisco 49ers,Green Bay Packers,3619.9438999999998
San Francisco 49ers,Minnesota Vikings,3214.5655
San Francisco 49ers,Atlanta Falcons,3933.4148
San Francisco 49ers,Carolina Panthers,4325.6577
San Francisco 49ers,New Orleans Saints,3603.7997
San Francisco 49ers,Tampa Bay Buccaneers,4514.2182999999995
San Francisco 49ers,Arizona Cardinals,1145.0253
San Francisco 49ers,Los Angeles Rams,568.0298
San Francisco 49ers,San Francisco 49ers,3.443
San Francisco 49ers,Seattle Seahawks,1343.7623
Seattle Seahawks,Buffalo Bills,4134.836
Seattle Seahawks,Miami Dolphins,5286.1840999999995
Seattle Seahawks,New England Patriots,4882.1073
Seattle Seahawks,New York Jets,4551.0159
Seattle Seahawks,Baltimore Ravens,4415.7110999999995
Seattle Seahawks,Cincinnati Bengals,3765.1135
Seattle Seahawks,Cleveland Browns,3839.2338999999997
Seattle Seahawks,Pittsburgh Steelers,4028.5553999999997
Seattle Seahawks,Houston Texans,3735.6095
Seattle Seahawks,Indianapolis Colts,3589.9669
Seattle Seahawks,Jacksonville Jaguars,4800.5481
Seattle Seahawks,Tennessee Titans,3847.7812999999996
Seattle Seahawks,Denver Broncos,2089.9771
Seattle Seahawks,Kansas City Chiefs,2962.3811
Seattle Seahawks,Las Vegas Raiders,1789.2124
Seattle Seahawks,Los Angeles Chargers,1829.4242
Seattle Seahawks,Dallas Cowboys,3317.0827999999997
Seattle Seahawks,New York Giants,4551.0159
Seattle Seahawks,Philadelphia Eagles,4515.7124
Seattle Seahawks,Washington Commanders,4422.428900000001
Seattle Seahawks,Chicago Bears,3289.8019
Seattle Seahawks,Detroit Lions,3743.8324
Seattle Seahawks,Green Bay Packers,3110.3885
Seattle Seahawks,Minnesota Vikings,2663.9784
Seattle Seahawks,Atlanta Falcons,4242.2818
Seattle Seahawks,Carolina Panthers,4500.2065999999995
Seattle Seahawks,New Orleans Saints,4147.3044
Seattle Seahawks,Tampa Bay Buccaneers,4976.969599999999
Seattle Seahawks,Arizona Cardinals,2225.4332999999997
Seattle Seahawks,Los Angeles Rams,1829.4242
Seattle Seahawks,San Francisco 49ers,1338.0385
Seattle Seahawks,Seattle Seahawks,20.3514
